target,result,class,TP_DataRatio,TP_HtmlRatio,TP_RequestRatio,avgLinkLength,avgSrcLength,differentFinalDomain,externalLinkRatio,externalSrcRatio,frameCounter,initialResponseRatio,initialResponseSize,internalSubDir,link2TextRatio,maxLinkLength,nonLinkCharacters,text2HtmlRatio
lau-livecn.qlauncher.com,1,1,0.985444712,0.982741324,0.944444444,0,75,0,0,1,5,0.014555288,9290,0,0,692,0,0
i34hd.com,0,1,0.745455083,0.725871534,0.605263158,35.63558414,74.79674797,0,0,0.178861789,1,0.120884027,89900,1,0.554801164,62,5508,0.079153445
sh.ctfs.ftn.kltvv.top,1,1,0.949409312,0.914441519,0.9,12,35.66666667,1,0,0.666666667,1,0.050590688,3640,1,0,12,69,0.022009569
xfsh.ctfs.ftn.kltvv.top,1,1,0.951976991,0.921536505,0.9,12,35.66666667,1,0,0.666666667,1,0.048023009,3640,1,0,12,69,0.022009569
tracker.sktorrent.net,1,1,0.926720398,0.92652928,0.9,0,23,0,0,0,6,0.073279602,40960,1,0,635,0,0
xa.btfs.ftn.kltvv.top,1,1,0.943132108,0.894803769,0.9,12,35.66666667,1,0,0.666666667,1,0.056867892,3640,1,0,12,69,0.022009569
xfcd.ctfs.ftn.kltvv.top,1,1,0.944742155,0.900183728,0.9,12,35.66666667,1,0,0.666666667,1,0.055257845,3640,1,0,12,69,0.022009569
cd.ctfs.ftn.kltvv.top,1,1,0.944785741,0.900325858,0.9,12,35.66666667,1,0,0.666666667,1,0.055214259,3640,1,0,12,69,0.022009569
plug-livecn.qlauncher.com,1,1,0.984617142,0.981566162,0.944444444,0,0,0,0,0,5,0.015382858,9292,0,0,694,9466,0.767658746
cloudcdn.dopa.com,0,1,0.961504902,0.959845808,0.875,43.5,44.25,0,1,0.75,1,0.038495098,750,1,1,54,0,0.002715547
www.dbjdh8.com,1,1,0.917663842,0.801082217,0.826086957,935,79.16666667,0,0.083333333,0.5,4,0.005084714,1882,0,0.024201723,1124,7701,0.267009507
www.xoimg.co,0,1,0.998951368,0.99875344,0.923076923,0,0,1,0,0,1,0.001048632,178,0,0,0,78,0.016777802
www.abcdododo.com,0,1,0.997973088,0.991592614,0.918032787,24,37.4,0,0,0.4,2,0.000175653,178,1,0.024390244,35,80,0.076421249
www.srimg.com,0,1,0.998951368,0.99875344,0.923076923,0,0,1,0,0,1,0.001048632,178,0,0,0,78,0.016777802
www5.sis001.de,1,1,0.986138308,0.983300432,0.952380952,0,75,0,0,1,5,0.013861692,8155,0,0,670,0,0
ww1.demortex.com,1,1,0.985295138,0.984828736,0.9375,0,0,0,0,0,5,0.014704862,7845,0,0,661,9458,0.78223472
pirates.sumotracker.com,1,1,0.995380092,1,0.666666667,83,0,1,1,0,1,0.004619908,11,0,0,83,0,0
ww12.hai123.com,1,1,0.984170542,0.983647847,0.941176471,453.4285714,23,0,0.142857143,0,5,0.015829458,8122,1,0.007045561,650,8456,0.354700321
test.adpooh.com,1,1,0.982989809,0.982377162,0.941176471,31.5,105.1,0,0.5,1,5,0.017010191,8025,0,0.032392894,660,926,0.049001536
ww7.xiaolai.li,1,1,0.890725236,0.892763731,0.25,0,39,0,0,1,1,0.10699141,3936,0,0,0,0,0
www.escortdatingservice.nl,1,1,0.989213826,0.987583331,0.95,465.6666667,23,0,0.166666667,0,5,0.010786174,8212,1,0.010013655,685,8700,0.370348519
www.androidgiftoversea.com,1,1,0.878679454,0.87815471,0.9,0,75,0,0,1,6,0.121320546,40960,0,0,628,0,0
ww25.tianyabook.com,1,1,0.890725236,0.892763731,0.25,0,39,0,0,1,1,0.10699141,3936,0,0,0,0,0
qidianbts.com,0,1,0.143408498,0.319755165,0.153846154,31.20274914,38.92,0,0.013745704,0.12,1,0.000364056,148,1,0.314981949,34,759,0.031883057
ww12.v7v3.com,1,1,0.807643459,0.807643459,0.5,0,44,0,0,1,1,0.192356541,3332,0,0,0,8,0.002412545
dmhy.net,0,1,1,1,1,27,134.1538462,1,0.181818182,0.692307692,4,0.006978332,2095,1,0.020046261,65,7626,0.193481017
ww1.samsungallstore.com,1,1,0.945090511,0.932215749,0.818181818,495.9,78.71428571,0,0,0.571428571,4,0.012625983,2052,0,0.028946301,502,7179,0.33250877
wx1p3.epizy.com,1,1,0.890725236,0.892763731,0.25,0,39,0,0,1,1,0.10699141,3936,0,0,0,0,0
ww1.btzero.net,1,1,0.981030706,0.980187376,0.928571429,19,126.4444444,0,0,1,5,0.018969294,7630,0,0.039106145,832,344,0.02011462
www.efunfilm.com,1,1,0.984898947,0.9844178,0.9375,19,108.4444444,0,0,1,5,0.015101053,8021,0,0.037735849,654,357,0.020318747
82lolita.com,0,1,0.89045898,0.892763731,0.2,0,39,0,0,1,1,0.000298921,11,0,0,0,0,0
api.1008net.com,1,1,0.938634406,0.938466854,0.9,0,23,0,0,0,6,0.061365594,32768,1,0,623,0,0
www.mytorrent.ru,1,1,0.903743378,0.903468511,0.909090909,0,0,0,0,0,6,0.096256622,49152,0,0,788,9362,0.795953069
wx6p2.epizy.com,1,1,0.890725236,0.892763731,0.25,0,39,0,0,1,1,0.10699141,3936,0,0,0,0,0
ww12.xju235.com,1,1,0.986584229,0.983951509,0.947368421,0,75,0,0,1,5,0.013415771,8176,0,0,664,0,0
tRAckER.SKTorreNt.NeT,0,1,1,1,1,0,23,1,0,0,6,0.071313538,40960,1,0,626,0,0
1.shipingongxiang.cn,1,1,0.762846332,0.762846332,0.75,33,34.66666667,0,1,1,1,0.237153668,1943,0,0.05,33,76,0.035195777
19xa.win,1,1,0.747242108,0.756632304,0.5,0,60.5,0,0,1,1,0.240347377,8192,0,0,0,1733,0.211651197
www.youjrzz.com,0,1,0.97473744,0.974553252,0.75,90.5,15,1,1,0,1,0.02526256,178,0,0.411003236,176,182,0.058115479
wx3p1.epizy.com,1,1,0.890725236,0.892763731,0.25,0,39,0,0,1,1,0.10699141,3936,0,0,0,0,0
s1.xoimg.co,0,1,0.998951368,0.99875344,0.923076923,0,0,1,0,0,1,0.001048632,178,0,0,0,78,0.016777802
www.hqlivesex.com,0,1,0.036689837,0.038192869,0.088235294,21.11389961,15.51724138,0,0.001930502,0.068965517,1,0.061573549,81939,1,0.110393258,54,3167,0.035452518
www.yachtsmarine.ru,0,1,0.869207212,0.899108926,0.818181818,40.1,630.2,0,1,0.7,1,0.047776972,23511,1,0,60,289015,0.821312668
ww12.92shengtang.com,1,1,0.984298922,0.983787605,0.941176471,0,75,0,0,1,5,0.015701078,8165,0,0,848,0,0
ww1.otorrent.me,1,1,0.930411656,0.925221355,0.666666667,0,49.5,0,0,1,1,0.069588344,4265,0,0,0,49,0.011502347
corp.leadtone.com,1,1,0.981900514,0.981199206,0.9375,34.66666667,110.7777778,0,0.333333333,1,5,0.018099486,7958,0,0.115203022,654,937,0.051477737
wx6p3.epizy.com,1,1,0.802979808,0.806299213,0.25,0,39,0,0,1,1,0.192903352,3936,0,0,0,0,0
www.sh-liangzu.com,1,1,0.968111265,0.968111265,0.5,0,59,0,0,1,1,0.031888735,830,0,0,0,37,0.040614709
bb608999.com,1,1,0.74730142,0.75669013,0.5,0,60.5,0,0,1,1,0.240290977,8192,0,0,0,1737,0.213364452
ww38.adl.uploadable.ch,1,1,0.888197575,0.888197575,0.5,0,44,0,0,1,1,0.111802425,1761,0,0,0,13,0.007449857
cdn.meisonad.com,0,1,0,0,0,56,11,0,1,0,1,0.364936441,689,0,0,56,4,0.006134969
www.sumotracker.com,0,1,0.999961645,1,0.964285714,0,100.3333333,1,0,0.333333333,4,3.84E-05,11,0,0,65,42,0.002038934
www.watchpass.net,1,1,0.970823999,0.969004832,0.941176471,0,0,0,0,0,5,0.029176001,8153,0,0,656,8390,0.760790715
wx1p2.epizy.com,1,1,0.802979808,0.806299213,0.25,0,39,0,0,1,1,0.192903352,3936,0,0,0,0,0
wx5p3.epizy.com,1,1,0.890725236,0.892763731,0.25,0,39,0,0,1,1,0.10699141,3936,0,0,0,0,0
www.rebateshome.com,1,1,0.939782668,0.929169102,0.857142857,33.2,51,0,0,1,1,0.060217332,4605,0,0.028888889,41,1748,0.33657442
s2.xoimg.co,0,1,0.998877042,0.99875344,0.923076923,0,0,1,0,0,1,0.001122958,178,0,0,0,78,0.016777802
ks22tk.pw,0,1,0.648883877,0.68957994,0.428571429,26,0,0,0.8,0,2,0.063671062,2202,0,0,41,1292,0.402617638
wx3p2.epizy.com,1,1,0.890725236,0.892763731,0.25,0,39,0,0,1,1,0.10699141,3936,0,0,0,0,0
www.options.com,1,1,0.970540334,0.968652448,0.928571429,0,75,0,0,1,5,0.029459666,8375,0,0,961,0,0
qqyd.avduoduo.com,1,1,0.984734594,0.984560807,0.941176471,0,0,0,0,0,5,0.015265406,8034,0,0,715,9466,0.779222917
trAcker.SKtorRent.nET,0,1,1,1,1,467.3333333,54,1,1,1,6,0.073482319,40960,0,0.003867265,635,7985,0.691750086
www.cichlids.com.au,1,1,0.979396356,0.972488816,0.944444444,0,0,0,0,0,5,0.020603644,8204,0,0,840,9466,0.780121971
qqyddm.com,1,1,0,0,0,0,0,0,0,0,1,1,678,0,0.048543689,0,196,0.363315697
xcbgx.top,1,1,0.949466904,0.914606109,0.9,12,35.66666667,1,0,0.666666667,1,0.050533096,3640,1,0,12,69,0.022009569
www.signpostsz.com,1,1,0.986653385,0.98405947,0.944444444,0,75,0,0,1,5,0.013346615,8200,0,0,661,0,0
ww7.yjizz.com,1,1,0.802979808,0.806299213,0.25,0,39,0,0,1,1,0.192903352,3936,0,0,0,0,0
www.hotvirgin-nextdoor.com,1,1,0.988762655,0.987567995,0.947368421,0,75,0,0,1,5,0.011237345,8086,0,0,687,0,0
www.avday.org,1,1,0.61965126,0.604314909,0.666666667,22.66666667,64.5,0,0.666666667,1,1,0.38034874,41706,0,0.002367119,42,13908,0.17128219
plm.co,1,1,0.890725236,0.892763731,0.25,0,39,0,0,1,1,0.10699141,3936,0,0,0,0,0
www.9138.com,1,1,0.960437586,0.956043423,0.857142857,26.2,51,0,0,1,1,0.039562414,4535,0,0.029345372,34,1720,0.335733232
ads.adlayout.net,1,1,0.924262176,0.924058002,0.9,0,75,0,0,1,6,0.075737824,40960,0,0,616,0,0
wxp1.rf.gd,1,1,0.890725236,0.892763731,0.25,0,39,0,0,1,1,0.10699141,3936,0,0,0,0,0
ww12.watashi.me,1,1,0.983540339,0.983341327,0.941176471,0,75,0,0,1,5,0.016459661,8162,0,0,778,0,0
bw.tracker.bitwar.ru,1,1,0.925214836,0.925025699,0.9,41.25,128.1111111,0,0.75,1,6,0.074785164,43104,0,0.005609493,754,13827,0.155316273
www.air.com,1,1,0.984279346,0.983765302,0.9375,559.7142857,23,0,0.142857143,0,5,0.015720654,8143,1,0.015828678,959,8456,0.33735129
ww12.fbcuties.com,1,1,0.986510977,0.983848133,0.947368421,0,0,0,0,0,5,0.013489023,8180,0,0,668,8398,0.759038322
lau-live.qlauncher.com,1,1,0.970123718,0.968429931,0.9375,0,75,0,0,1,5,0.029876282,9133,0,0,674,0,0
www.pyrene-randos.fr,1,1,0.984600282,0.984112104,0.9375,0,0,0,0,0,5,0.015399718,8220,0,0,669,9458,0.780234285
www.4vaa.com,1,1,0.990476779,0.990033653,0.857142857,48.5,39.75,1,1,0.5,1,0.009523221,154,1,0,54,0,0
ww12.hdpter.net,1,1,0.983781559,0.983226407,0.941176471,573,23,0,0.5,0,5,0.016218441,8037,1,0.003182836,659,8456,0.428045211
www.44540.com,1,1,0.967893602,0.966095731,0.923076923,0,0,0,0,0,7,0.032106398,6938,0,0,35,0,0
www.jiaotongbu.net,0,1,0.301745768,0.774418741,0.511111111,27.4,85.4,1,0.066666667,1,1,0.000107128,178,0,0.172794118,38,675,0.116289012
www.3-0B6F-415d-B5C7-832F0.com,1,1,1,1,1,0,0,1,0,0,4,0.005617452,2042,0,0,494,0,0
wx5p1.epizy.com,1,1,0.924396299,0.925858951,0.25,0,39,0,0,1,1,0.074023922,3936,0,0,0,0,0
ww12.keyrow.com,1,1,0.975104167,0.973911145,0.928571429,19,109.5,0,0,1,5,0.024895833,9321,0,0.038043478,690,354,0.019533946
ww1.yayaxz.com,1,1,0.913158092,0.911726487,0.916666667,374.0909091,48.45454545,0,0.090909091,0.909090909,5,0.086841908,19700,1,0.012998965,577,8580,0.325873444
www.like47.com,0,1,0.999582588,0.999399431,0.965517241,41.97435897,52.38461538,1,0.948717949,1,1,0.000417412,182,0,0.172427984,62,2011,0.179693855
ww1.avimdb.com,1,1,0.956824332,0.956758929,0.944444444,0,75,0,0,1,3,0.043175668,17327,0,0,573,0,0
www.coronapcb.it,1,1,0.969169408,0.964628534,0.95,0,75,0,0,1,5,0.030830592,8070,0,0,692,0,0
TRaCKER.SktoRreNT.nET,0,1,1,1,1,0,0,1,0,0,6,0.074085194,40960,0,0,635,7633,0.759502488
mail139.com,1,1,0.802979808,0.806299213,0.25,0,39,0,0,1,1,0.192903352,3936,0,0,0,0,0
ww1.1pan.cc,1,1,0.91940342,0.91920532,0.866666667,0,75,0,0,1,7,0.080504859,49152,0,0,618,0,0
wx4p2.epizy.com,1,1,0.890725236,0.892763731,0.25,0,39,0,0,1,1,0.10699141,3936,0,0,0,0,0
ww1.201tv.com,1,1,0.929467823,0.929457391,0.846153846,0,23,0,0,0,5,0.070434161,40960,1,0,149,0,0
fsa.demonoid.com,1,1,0.924396299,0.925858951,0.25,0,39,0,0,1,1,0.074023922,3936,0,0,0,0,0
ww1.123yq.com,1,1,0.95150402,0.951060748,0.923076923,0,75,0,0,1,5,0.04849598,19698,0,0,584,0,0
whooowhooo.1-ws.com,1,1,0.890725236,0.892763731,0.25,0,39,0,0,1,1,0.10699141,3936,0,0,0,0,0
whoowhoo.bikkuri.link,1,1,0.890725236,0.892763731,0.25,0,39,0,0,1,1,0.10699141,3936,0,0,0,0,0
tRaCKeR.SkToRrEnt.NEt,0,1,1,1,1,0,0,1,0,0,6,0.073445163,40960,0,0,626,7633,0.759502488
www.yaokan666.cn,1,1,0.747294007,0.756682904,0.5,0,60.5,0,0,1,1,0.240298026,8192,0,0,0,1741,0.212420693
ww12.yayaxz.com,1,1,0.983869827,0.983291898,0.928571429,563,23,0,0.142857143,0,5,0.016130173,7984,1,0.00154321,1306,8411,0.325502318
www1.yourlery.com,1,1,0.986516595,0.983863953,0.944444444,0,75,0,0,1,5,0.013483405,8200,0,0,880,0,0
ww7.kdkejgineleidj.com,1,1,0.986000282,0.98584038,0.9375,533.3333333,23,0,0.166666667,0,5,0.013999718,7344,1,0.006662902,708,8796,0.367137941
ww1.99yp.cc,0,1,0.862674726,0.862628235,0.933333333,0,23,0,0,0,2,0.137325274,17448,1,0,19,0,0
ww1.migamecenter.com,1,1,0.833493373,0.799908729,0.846153846,1172.5,77.42857143,0,0,0.571428571,4,0.010345632,1907,0,0.018204216,1179,7173,0.245423091
ww1.torrentmatrix.com,1,1,0.926658729,0.926467288,0.888888889,0,23,0,0,0,6,0.073341271,40960,1,0,634,0,0
www.2cymacg.com,0,1,0.740225891,0,0.5,25,0,0,1,0,1,0.259774109,1794,0,0.035310734,25,683,0.407364787
ww4.asianscandal.com,1,1,0.91122346,0.924967796,0.461538462,300.1666667,0,0,0.166666667,0,10,0.001429761,860,0,0.007641542,654,8571,0.643591654
www.g22889.com,1,1,0.979079166,0.979079166,0.5,0,53,0,0,1,1,0.020920834,528,0,0,0,0,0
www1.adhubs.net,1,1,0,0,0,0,336,0,0,0,1,0.053922125,2375,0,0,0,0,0
ww1.codeblock.org,1,1,0.969803766,0.967809482,0.9375,0,0,0,0,0,5,0.030196234,7994,0,0,828,9458,0.78217003
wx6p1.epizy.com,1,1,0.890725236,0.892763731,0.25,0,39,0,0,1,1,0.10699141,3936,0,0,0,0,0
www5.imageshot.eu,1,1,0.97763179,0.976551643,0.947368421,0,0,0,0,0,5,0.02236821,7964,0,0,787,9458,0.790472211
svip.tzyee.net,1,1,0.922059932,0.921843695,0.909090909,398.625,54,0,0.125,1,6,0.077940068,40960,1,0.012978986,621,7985,0.54262526
www.8080.com,1,1,0.980494154,0.979982037,0.764705882,0,887,0,0,1,10,0.015467151,6928,0,0,34,0,0
www.0551cr.com,1,1,0.967050753,0.967050753,0.5,0,59,0,0,1,1,0.032949247,855,0,0,0,37,0.040614709
www.btapping.com,1,1,0.462747779,0.462747779,0.333333333,0,63.5,0,0,1,1,0.264012303,1545,0,0,0,200,0.110619469
ww1.hotfilesearch.com,1,1,0.834058978,0.80056112,0.846153846,0,0,0,0,0,4,0.010184361,1876,0,0,1170,0,0
TRaCKer.SKToRREnt.nET,0,1,1,1,1,0,0,1,0,0,6,0.175576217,40960,0,0,626,7633,0.759502488
fuckedtubehd.com,0,1,0.501346447,0.027237153,0.621621622,34.45980707,74.79674797,0,0,0.178861789,1,0.310069603,156365,1,0.55659164,50,5516,0.080108185
ww1.crbxf.com,1,1,0.997589332,0.993632695,0.941176471,0,48,0,0,1,4,0.002410668,841,0,0,1210,9,0.010817308
wx1p1.epizy.com,1,1,0.890725236,0.892763731,0.25,0,39,0,0,1,1,0.10699141,3936,0,0,0,0,0
18835.bookid.ru,1,1,0.890846883,0.890581872,0.9,41.25,112,0,0.75,1,6,0.109153117,65528,0,0.005581395,612,13897,0.158022095
ww1.sexgrasp.com,1,1,0.940290217,0.940142962,0.866666667,0,75,0,0,1,7,0.059617755,36278,0,0,637,0,0
www.t66y.co,0,1,0.99990482,0.98422616,0.995594714,33.88593156,27.02264808,1,0,0.329268293,1,9.52E-05,154,1,0.032978015,485,2903,0.011392141
www.0335haibo.com,1,1,0.971870396,0.925813023,0.851851852,0,0,0,0,0,4,0.005307203,1855,0,0,1158,0,0
ww2.www.sis001.it,1,1,0.924396299,0.925858951,0.25,0,39,0,0,1,1,0.074023922,3936,0,0,0,0,0
storage2.multihosters.com,1,1,0.802979808,0.806299213,0.25,0,39,0,0,1,1,0.192903352,3936,0,0,0,0,0
ww1.xing8cn.com,1,1,0.963445242,0.963194429,0.923076923,33.5,100.2727273,0,1,1,5,0.036554758,19735,0,0.00198188,579,7050,0.26683791
www.17dhs.net,0,1,0.534480937,0.511691046,0.517241379,18.66666667,91.5,1,0,1,1,0.011540395,6336,0,0,29,201,0.080820265
ww1.whereismyip.com,1,1,0.983881305,0.983354298,0.9375,0,75,0,0,1,5,0.016118695,8350,0,0,884,0,0
ww38.0.www.sabongch.com,0,1,0.999969941,1,0.9,28.16666667,24,1,1,0,1,3.01E-05,11,1,0.125233645,42,468,0.058063816
www1.z66a.com,1,1,0.977411661,0.977211095,0.9375,19,135.1111111,0,0,1,5,0.022588339,8059,0,0.039548023,1009,340,0.01785264
ww12.sodubook.net,1,1,0.984460237,0.983953648,0.941176471,19,108,0,0,1,5,0.015539763,8073,0,0.037735849,663,357,0.019922672
gxjxw.cn,0,1,0.645555672,0.743743199,0.333333333,31,59,0,0,1,1,0.222426278,8478,0,0.005217977,31,5910,0.731290005
www.banstex.com,1,1,0.872203983,0.8450322,0.789473684,0,0,0,0,0,4,0.010752383,1893,0,0,441,0,0
www.nakedmaturespics.com,1,1,0.985033364,0.984883814,0.9375,0,0,0,0,0,4,0.014966636,2068,0,0,490,0,0
ww1.flac8.com,1,1,0.984652982,0.984143312,0.9375,498.7142857,23,0,0.142857143,0,5,0.015347018,7831,1,0.008326492,646,8456,0.350703299
ww1.siteintheworld.com,1,1,0.923261126,0.923250065,0.846153846,0,23,0,0,0,5,0.0766266,45727,1,0,42,0,0
ww1.intra-gnn.com,1,1,0.930006792,0.929996518,0.846153846,0,23,0,0,0,5,0.069895941,40960,1,0,153,0,0
www.rolatakizawa.com,0,1,0.999940555,0.999686338,0.980769231,0,51.5,1,0,1,4,5.94E-05,154,0,0,116,773,0.061324871
hitv1.iphone-letv-hao123.com,1,1,0.460074754,0.460074754,0.333333333,0,72,0,0,1,1,0.262487258,1545,0,0,0,200,0.109589041
www.fsgaoke.com,0,1,0.577029321,0.698224897,0.4,0,34.2,1,0,0.2,1,0.03284747,5244,0,0,0,5138,0.570888889
ww12.ajkan.com,1,1,0.984960875,0.984485441,0.941176471,546,23,0,0.333333333,0,5,0.015039125,8049,1,0.004942339,657,8456,0.410135135
www.kbj1004.com,0,1,0.999921204,0.999340926,0.985294118,42.23428571,70.4875,1,0.994285714,1,1,7.88E-05,178,0,0.373177083,67,2407,0.059853173
n5153.com,0,1,0.704735546,0.91112526,0.454545455,18.66666667,91.5,0,0,1,2,0.009284187,2583,0,0,29,201,0.080820265
www.9913av.com,1,1,0.982451703,0.981877852,0.9375,579.4,23,0,0.2,0,5,0.017548297,9089,1,0.003417796,650,8456,0.371953358
www.cam19.top,0,1,0.999920355,0.999355138,0.984615385,41.92982456,70.5443038,1,0.994152047,1,1,7.96E-05,178,0,0.372080819,67,2393,0.05967555
ww1.yn47.com,1,1,0.970760907,0.970559873,0.923076923,0,75,0,0,1,5,0.029239093,15753,0,0,591,0,0
www.ipnm.ru,1,1,0.900026674,0.899772608,0.9,0,0,0,0,0,6,0.099973326,57344,0,0,598,7633,0.764906303
mp4.51lairibi.com,1,1,0.984879305,0.984395952,0.941176471,513.4285714,23,0,0.142857143,0,5,0.015120695,8006,1,0.012956694,664,8456,0.348975518
ww62.cmd.tntgame.net,1,1,0.968635487,0.96696866,0.9375,0,75,0,0,1,5,0.031364513,10194,0,0,669,0,0
condomfishhd.com,0,1,0.716534691,0.641731674,0.56097561,32.24973205,74.79674797,0,0,0.178861789,1,0.181991452,154399,1,0.560140194,48,5522,0.081878897
zh.chsturbate.com,1,1,0.977679306,0.969249135,0.944444444,0,75,0,0,1,5,0.022320694,8140,0,0,880,0,0
signoredom.com,1,1,0.802979808,0.806299213,0.25,0,39,0,0,1,1,0.192903352,3936,0,0,0,0,0
TRACkER.sKtORrent.nET,0,1,1,1,1,0,23,1,0,0,6,0.074072467,40960,1,0,635,0,0
ww38.el.depcloud.com,0,1,0.999975883,1,0.916666667,0,87.25,1,0,0.75,5,2.41E-05,11,0,0,48,44,0.016170526
ww43.fahappy.com,1,1,0.838264768,0.861464449,0.44,302.6666667,0,0,0.166666667,0,10,0.002572922,846,0,0.007296734,660,8571,0.642793329
www.burghleyparkclinic.com,1,1,0.461171662,0.461171662,0.333333333,0,68.5,0,0,1,1,0.263113079,1545,0,0,0,200,0.110011001
codes.dian5000.com,1,1,0.98723912,0.986583356,0.909090909,0,0,1,0,0,6,0.003109739,3294,0,0,229,0,0
www.egpzl.cn,0,1,0.000991808,0.11490759,0.066666667,25.83333333,43.40740741,0,0.363636364,0.074074074,1,0.003371075,17603,1,0.087179487,170,178,0.011979359
www.bdsmstory.net,0,1,0.999802817,0.999217259,0.977272727,676,84,1,1,1,5,0.000197183,178,0,0,676,0,0
www.sanjiqu.com,1,1,0.934352978,0.93419964,0.9,0,75,0,0,1,6,0.065647022,40960,0,0,606,0,0
www.jtxart.cn,0,1,0.525345404,0.375236195,0.214285714,33.72972973,52.57142857,0,0,0.642857143,2,0.015541714,1315,1,0.151020408,72,208,0.020940171
www.erototoxdecodings.com,1,1,0.972526173,0.97011988,0.964285714,24.88461538,31.84615385,0,0.307692308,0.153846154,1,0.027473827,12313,1,0.077237155,108,2712,0.221644042
www.dushm.com,1,1,0.941893374,0.941773271,0.9,0,75,0,0,1,6,0.058106626,40960,0,0,602,0,0
ww1.56gan.com,1,1,0.944838271,0.944612795,0.944444444,0,75,0,0,1,3,0.055161729,8225,0,0,571,0,0
ww1.vpnss07.com,1,1,0.827979562,0.798431653,0.777777778,0,350,0,0,0,4,0.010507609,1892,0,0,1200,0,0
xnxxcom.xxx,0,1,1,1,1,0,0,1,0,0,3,0.001311025,5441,0,0,183,0,0
ww1.2ll02.com,1,1,0.890725236,0.892763731,0.25,0,39,0,0,1,1,0.10699141,3936,0,0,0,0,0
ns2.nudero.net,0,1,0.998366013,0.998383874,0.733333333,0,23,0,0,0,5,0.000480972,292,1,0,150,0,0
ww1.basememlog.com,1,1,0.75810571,0.75810571,0.666666667,21.5,50.5,0,0.5,1,1,0.24189429,71980,0,0.002366609,42,13911,0.191535831
ww62.cloud.tntgame.net,1,1,0.936894435,0.929772652,0.928571429,464,23,0,0.142857143,0,5,0.063105565,10206,1,0.008442777,673,8456,0.352921702
www1.ccassohk.org,1,1,0.973628214,0.972114718,0.9375,0,75,0,0,1,5,0.026371786,7969,0,0,749,0,0
ww1.motioninjoy.com,1,1,0.848840422,0.84646843,0.8,33.5,60.5,0,1,1,1,0.151159578,21887,0,0.001279824,42,10925,0.497860914
www1.169che.com,1,1,0.974028792,0.972548665,0.9375,520.75,23,0,0.25,0,5,0.025971208,7900,1,0.003065315,650,8456,0.38815669
www.xarchi.com,0,1,0.983819943,0.783716118,0.771929825,0,23,0,0,1,3,0.000813514,2651,0,0,47,1,0.000441891
pointrat.alcatelflash.com,1,1,0.702950549,0.702950549,0.777777778,0,45,1,0,1,1,0.062679108,2734,0,0,0,0,0
www.bausch.at,1,1,0.984560549,0.984056199,0.944444444,0,75,0,0,1,5,0.015439451,8005,0,0,655,0,0
wpad.sevescorp.com,1,1,0.987094442,0.984638403,0.944444444,522.3333333,23,0,0.166666667,0,5,0.012905558,8070,1,0.007302602,687,8700,0.368096098
www.3366.co,0,1,0.919022367,0.913252687,0.904109589,0,0,0,0,0,64,0.003924345,7421,0,0,1558,0,0
www.113119.com,1,1,0.987190581,0.984963073,0.944444444,595.5,23,0,0.5,0,5,0.012809419,8645,1,0.001492023,681,8700,0.432106725
autoplayer.net,1,1,0.924396299,0.925858951,0.25,0,39,0,0,1,1,0.074023922,3936,0,0,0,0,0
traCkER.sKtorRent.nET,1,1,1,1,1,129,21.25,1,1,0,1,0.054442465,2720,1,0.006120888,129,1299,0.353721245
b3.jinkemu.org,1,1,0.741412806,0.434991904,0.833333333,129,21.25,1,1,0,1,0.053836448,2688,1,0.006120888,129,1299,0.353721245
TrAcKeR.sktOrreNT.nET,0,1,1,1,1,33.75,115.6666667,1,0.75,1,6,0.059804089,40960,0,0.005363656,635,13908,0.15747863
ns2.24host.ru,1,1,0.897217552,0.897003259,0.9,0,75,0,0,1,6,0.102782448,71829,0,0,617,0,0
m.273700.com,0,1,0.830988242,0.699412341,0.545454545,0,73,0,0,0.5,1,0.003827409,139,1,0,0,264,0.124763705
gz.haijj.com,1,1,0.942204842,0.943344081,0.25,0,39,0,0,1,1,0.056587498,3936,0,0,0,0,0
ww38.bl.depcloud.com,0,1,0.999989813,1,0.95,0,0,1,0,0,6,1.02E-05,11,0,0,229,0,0
ww12.yn47.com,1,1,0.975223366,0.964431355,0.947368421,0,75,0,0,1,5,0.024776634,8164,0,0,651,0,0
ww1.xiaomw.com,1,1,0.963586989,0.963338326,0.909090909,382.8,48.2,0,0.1,0.9,3,0.036413011,19751,1,0.015151515,597,8580,0.335257446
ass.cnm.wtf,0,1,0.974578692,0.86504928,0.666666667,20.91666667,8,1,0.75,0,1,0.025421308,178,1,0.305602716,37,409,0.278355388
spc.global.sharp.co,1,1,0.924396299,0.925858951,0.25,0,39,0,0,1,1,0.074023922,3936,0,0,0,0,0
ww1.sha7.info,1,1,0.966261875,0.965415622,0.9375,627.8333333,23,0,0.166666667,0,5,0.033738125,8168,1,0.00767148,820,8796,0.357275292
ww1.4399tgzt.com,1,1,0.941587618,0.941447262,0.866666667,399.9090909,54,0,0.090909091,1,7,0.058305098,36412,1,0.009428111,661,7985,0.477745511
ww1.hdzone.info,1,1,0.970007362,0.969838929,0.916666667,0,75,0,0,1,5,0.029992638,19759,0,0,588,0,0
www.chinayingmo.com,1,1,0.987160456,0.984783333,0.944444444,0,75,0,0,1,5,0.012839544,8217,0,0,663,0,0
ww2.2be95b1d-fa58-4e59-a11b-586411f59744.prodliftnet.info,1,1,0.890725236,0.892763731,0.25,0,39,0,0,1,1,0.10699141,3936,0,0,0,0,0
www.kmoma.com,0,1,0.524560131,0.363839492,0.698412698,0,0,0,0,0,5,0.016824672,8302,0,0,51,1,0.00101626
mnbvc.000a.biz,1,1,0.953223179,0.954155796,0.25,0,39,0,0,1,1,0.045799395,3936,0,0,0,0,0
ww12.52pdahd.com,1,1,0.975054134,0.964177464,0.947368421,0,0,0,0,0,5,0.024945866,8214,0,0,683,9466,0.780250577
www.shuaigay.info,1,1,0.733205533,0.434383604,0.833333333,129,21.25,1,1,0,1,0.056067446,2720,1,0.006120888,129,1299,0.353721245
www1.591sc.com,1,1,0,0,0,0,339,0,0,0,1,0.195107984,2385,0,0,0,0,0
ww1.se333.com,0,1,0.819279039,0.815764871,0.852941176,0,937,1,0,1,16,0.000818697,516,0,0,1535,0,0
ww1.ktv-mtv.com,1,1,0.890725236,0.892763731,0.25,0,39,0,0,1,1,0.10699141,3936,0,0,0,0,0
fuck-boy.com,0,1,0.971525333,0.925048804,0.782608696,0,341,0,0,0,4,3.15E-05,11,0,0,472,0,0
hrs5.pw,1,1,0.713225259,0.723411439,0.5,0,60.5,0,0,1,1,0.272693985,8192,0,0,0,1732,0.212881023
www.fanhao5.com,1,1,0.954726074,0.954604479,0.9,0,0,0,0,0,6,0.045273926,24576,0,0,606,7633,0.762766064
gxcae.com,1,1,0.781724316,0.750110819,0.833333333,72.5,54.2,1,1,0.8,1,0.016959215,657,1,0,91,3303,0.406073273
ww12.nightsdl.com,1,1,0.986014653,0.98557877,0.928571429,19,135.8,0,0,1,5,0.013985347,7922,0,0.037634409,931,358,0.02044293
www.pornreviewsplus.com,1,1,0.911208035,0.910927283,0.9,36.75,115,0,0.75,1,6,0.088791965,40960,0,0.00535676,631,13926,0.157665368
js.bmgad.com,1,1,0.996031867,0.993024397,0.916666667,110.1428571,33.5,0,0,0,2,0.003968133,782,1,0.0625,115,210,0.015070982
www.kfjlcxfw.com,0,1,0.303275992,0.337071966,0.602409639,12.41025641,39,0,0.038461538,0.19047619,2,0.008010145,35867,1,0.391891892,88,270,0.011920423
halaio.arredemo.org,1,1,0.890725236,0.892763731,0.25,0,39,0,0,1,1,0.10699141,3936,0,0,0,0,0
www1.8009797.com,1,1,0.997726704,0.994540709,0.954545455,0,0,0,0,0,4,0.002273296,845,0,0,1179,0,0
ww1.gmirror.org,1,1,0.997730758,0.994564029,0.954545455,0,50,0,0,1,4,0.002269242,845,0,0,1229,11,0.013157895
www.youjizz.jp,1,1,0.987099228,0.984621797,0.944444444,0,0,0,0,0,5,0.012900772,8006,0,0,738,9466,0.78231405
ww12.sys989.com,1,1,0.976818603,0.975662701,0.941176471,0,75,0,0,1,5,0.023181397,8005,0,0,650,0,0
ww1.btscg.com,1,1,0.970133387,0.969966055,0.916666667,0,75,0,0,1,5,0.029866613,19722,0,0,584,0,0
ww1.pern.com,1,1,0.913173891,0.912950307,0.9,0,75,0,0,1,6,0.086826109,49152,0,0,600,0,0
m.ent520.com,0,1,0.103719611,0.374255272,0.075,0,40.16666667,0,0,0.5,1,0.00026694,178,1,0.231155779,0,153,0.011123533
www.5dst.net,0,1,0.026585377,0.042991312,0.033333333,0,32.5,0,0,0,4,0.000124224,178,1,0.366438356,0,185,0.026202441
ww1.xx685.com,1,1,0.984846461,0.984349506,0.9375,0,0,0,0,0,5,0.015153539,7827,0,0,655,9458,0.78223472
ww1.xiumm.cc,1,1,0.969069492,0.968889634,0.916666667,0,75,0,0,1,5,0.030930508,19683,0,0,573,0,0
www.qiqiaa.xyz,0,1,0.999190394,0.998797078,0.961538462,18.5974026,33.73333333,1,0,0.4,1,0.000809606,178,1,0.165932452,22,568,0.023802866
ww1.zakume.net,1,1,0.970113612,0.969946075,0.916666667,0,75,0,0,1,5,0.029886388,19724,0,0,577,0,0
wx2p2.epizy.com,1,1,0.890725236,0.892763731,0.25,0,39,0,0,1,1,0.10699141,3936,0,0,0,0,0
ww1.edubt.net,1,1,0.950898311,0.950892597,0.846153846,0,23,0,0,0,5,0.049005642,36226,1,0,42,0,0
ww12.hkpic-forum.com,1,1,0.986533198,0.983929514,0.947368421,549.1666667,23,0,0.166666667,0,5,0.013466802,8310,1,0.007868628,817,8700,0.360611918
storage4.multihosters.com,1,1,0.802979808,0.806299213,0.25,0,39,0,0,1,1,0.192903352,3936,0,0,0,0,0
d.exit-ad.com,1,1,0.944967786,0.933882851,0.84,0,349,0,0,0,4,0.01204285,1901,0,0,1160,0,0
ww1.raychou.com,1,1,0.930230986,0.930205621,0.933333333,0,23,0,0,0,2,0.069769014,8255,1,0,19,0,0
sinbox.com,1,1,0.993964704,0.984555901,0.958333333,0,0,0,0,0,4,0.006035296,2149,0,0,1203,0,0
torrent.ipnm.ru,1,1,0.89431532,0.89391734,0.909090909,0,75,0,0,1,6,0.10568468,40960,0,0,615,0,0
zutuziwe.tuars.com,1,1,0.924396299,0.925858951,0.25,0,39,0,0,1,1,0.074023922,3936,0,0,0,0,0
ad.xosapk.com,1,1,0.987316888,0.986668287,0.909090909,0,0,1,0,0,6,0.003076573,3274,0,0,227,0,0
www.icefreeporn.com,1,1,0.733175307,0.434345641,0.833333333,129,21.25,1,1,0,1,0.056106359,2722,1,0.006120888,129,1299,0.353721245
www1.jsnengfei.com,1,1,0,0,0,0,343,0,0,0,1,0.341439276,2415,0,0,0,0,0
www.cq028.com,0,1,0,0,0,56,11,0,1,0,1,0.00835506,689,0,0,56,4,0.006134969
www.sedoparking.com,0,1,0,0,0,15.25,61.66666667,0,0.25,0,1,0.020757109,4289,1,0.083591331,29,592,0.152322565
action.xosapk.com,1,1,0.831257003,0.830240134,0.9,32.25,113.1111111,0,0.75,1,6,0.168742997,40960,0,0.00536711,618,13899,0.158017934
ww1.hdwing.com,1,1,0.936532763,0.936375489,0.9,394,54,0,0.1,1,4,0.063467237,37332,1,0.010042152,619,7985,0.497379293
sjbykfrl.dghy88.net,1,1,0.703369807,0.703369807,0.777777778,0,45,1,0,1,1,0.062120065,2708,0,0,0,0,0
ww1.pandtv.com,1,1,0.997686576,0.994286295,0.944444444,0,0,0,0,0,4,0.002313424,843,0,0,557,0,0
ww1.bapimi.com,1,1,0.911251711,0.925052795,0.44,0,75,0,0,1,10,0.001422323,852,0,0,655,0,0
www.file.lu,1,1,0.997703376,0.994326308,0.956521739,0,0,0,0,0,4,0.002296624,837,0,0,549,0,0
fucd.nl,1,1,0.890725236,0.892763731,0.25,0,39,0,0,1,1,0.10699141,3936,0,0,0,0,0
ww7.m27bao.com,1,1,0.919263333,0.804436052,0.863636364,0,0,0,0,0,3,0.078863602,29136,0,0,1224,0,0
wx5p2.epizy.com,1,1,0.924396299,0.925858951,0.25,0,39,0,0,1,1,0.074023922,3936,0,0,0,0,0
tRAcKER.skToRrEnt.NeT,1,1,1,1,1,0,45,1,0,1,1,0.062760739,2738,0,0,0,0,0
ntp.nasa.gov.setup.net,1,1,0.985056259,0.984583355,0.9375,0,75,0,0,1,5,0.014943741,7990,0,0,755,0,0
jianhai1.zvgok.cn,0,1,0,0,0,56,11,0,1,0,1,0.110558408,689,0,0,56,4,0.006134969
5ald2.cn,1,1,0.99759762,0.993658927,0.954545455,439.6363636,78.16666667,0,0.909090909,1,4,0.00240238,839,0,0.013961829,488,7698,0.354396477
www.nbdaili.com,1,1,0.984464197,0.983971851,0.9375,0,0,0,0,0,5,0.015535803,8295,0,0,650,9458,0.78882402
ww2.cloud.tntgame.net,1,1,0.942204842,0.943344081,0.25,0,39,0,0,1,1,0.056587498,3936,0,0,0,0,0
ww1.wpan.cc,1,1,0.890725236,0.892763731,0.25,0,39,0,0,1,1,0.10699141,3936,0,0,0,0,0
TRackEr.SKtOrREnt.nET,0,1,1,1,1,0,23,1,0,0,6,0.118820463,41398,1,0,635,0,0
ww38.iomega.com,1,1,0.987232787,0.984857788,0.944444444,543.1666667,23,0,0.166666667,0,5,0.012767213,8138,1,0.011251279,964,8700,0.215508585
www.wunage.com,1,1,0.890725236,0.892763731,0.25,0,39,0,0,1,1,0.10699141,3936,0,0,0,0,0
ww4.alka-yagnik-fan.com,1,1,0.853731112,0.896601803,0.461538462,0,0,0,0,0,9,0.001916679,867,0,0,691,0,0
TRacKEr.SKTOrRENT.NET,0,1,1,1,1,0,0,1,0,0,6,0.069859701,40960,0,0,626,7633,0.759502488
wx4p1.epizy.com,1,1,0.890725236,0.892763731,0.25,0,39,0,0,1,1,0.10699141,3936,0,0,0,0,0
kjdns.000a.biz,1,1,0.890725236,0.892763731,0.25,0,39,0,0,1,1,0.10699141,3936,0,0,0,0,0
sj.mgonb.com,1,1,0.802979808,0.806299213,0.25,0,39,0,0,1,1,0.192903352,3936,0,0,0,0,0
www.55bt.eu,1,1,0.985829541,0.985672919,0.9375,0,0,0,0,0,5,0.014170459,7679,0,0,1073,9466,0.788110898
ww25.api.leoslyrics.com,1,1,0.890725236,0.892763731,0.25,0,39,0,0,1,1,0.10699141,3936,0,0,0,0,0
ww12.lerays.com,1,1,0.980020869,0.973561929,0.947368421,0,75,0,0,1,5,0.019979131,8176,0,0,664,0,0
ww7.abcdcar.com,1,1,0,0,0,0,0,0,0,0,1,1,272,0,0,0,92,0.355212355
wxp3.rf.gd,1,1,0.802979808,0.806299213,0.25,0,39,0,0,1,1,0.192903352,3936,0,0,0,0,0
ww1.yueyv.net,1,1,0.896807462,0.896436565,0.944444444,0,75,0,0,1,3,0.103192538,17490,0,0,562,0,0
www.souegg.com,0,1,0.296721479,0.445831304,0.1,1,20.25,0,0,0.125,1,0.242989219,14245,1,0,1,10888,0.575627809
herematureshd.com,0,1,0.71127328,0.675663425,0.638888889,34.16104869,74.78861789,0,0,0.178861789,1,0.166664626,136093,1,0.562411348,53,4319,0.073030507
ww1.mfc2.com,1,1,0.918474176,0.802735998,0.846153846,0,345,0,0,0,4,0.00506427,1873,0,0,1104,0,0
wx4p3.epizy.com,1,1,0.924396299,0.925858951,0.25,0,39,0,0,1,1,0.074023922,3936,0,0,0,0,0
wx2p3.epizy.com,1,1,0.890725236,0.892763731,0.25,0,39,0,0,1,1,0.10699141,3936,0,0,0,0,0
taobao.dh4567.com,1,1,0.928892222,0.928712279,0.9,0,23,0,0,0,6,0.071107778,40960,1,0,627,0,0
ww62.www.gametoma.com,1,1,0.921457758,0.80910176,0.857142857,0,0,0,0,0,3,0.076664695,28256,0,0,1186,0,0
wxp2.freecluster.eu,1,1,0.890725236,0.892763731,0.25,0,39,0,0,1,1,0.10699141,3936,0,0,0,0,0
b.loaed.com,1,1,0.989942924,0.989539438,0.909090909,0,0,1,0,0,6,0.002440698,3276,0,0,226,0,0
ww1.909900tk.com,1,1,0.961588027,0.961311365,0.916666667,33.5,101.6363636,0,1,1,5,0.038411973,19762,0,0.001981039,590,7053,0.266327492
ww38.tl.depcloud.com,0,1,0.999990335,1,0.95,0,0,1,0,0,6,9.67E-06,11,0,0,228,0,0
zheng.com,1,1,0.890725236,0.892763731,0.25,0,39,0,0,1,1,0.10699141,3936,0,0,0,0,0
trACkEr.SkTORreNT.net,0,1,1,1,1,406.7777778,54,1,1,1,6,0.069975888,38918,0,0.007458048,626,7985,0.51488
ww2.95c650b2-775b-4468-b546-10953584dc9d.prodliftnet.info,1,1,0.890725236,0.892763731,0.25,0,39,0,0,1,1,0.10699141,3936,0,0,0,0,0
ww62.update.tntgame.net,1,1,0.978472628,0.977701371,0.9375,0,75,0,0,1,5,0.021527372,10208,0,0,675,0,0
www.ellemagazine.co.za,1,1,0.99766552,0.994312652,0.956521739,0,57,0,0,1,4,0.00233448,859,0,0,555,18,0.021176471
wx3p3.epizy.com,1,1,0.97073922,0.912233165,0.727272727,27,55,0,1,1,1,0.001376703,826,0,0.02393617,30,367,0.162348877
ww12.btscg.com,1,1,0.984999105,0.984526123,0.941176471,19,106.8,0,0,1,5,0.015000895,8049,0,0.038356164,657,351,0.01967655
www.mosusu.com,1,1,0.703111743,0.703111743,0.777777778,0,45,1,0,1,1,0.06246417,2724,0,0,0,0,0
wx2p1.epizy.com,1,1,0.802979808,0.806299213,0.25,0,39,0,0,1,1,0.192903352,3936,0,0,0,0,0
Ww12.MtsPAnk.coM,1,1,1,1,1,0,75,1,0,1,5,0.018699585,9748,0,0,741,0,0
124585.bookid.ru,1,1,0.956061245,0.955946726,0.9,0,75,0,0,1,6,0.043938755,24576,0,0,614,0,0
ww12.6pan.cc,1,1,0.984487753,0.984311682,0.941176471,0,75,0,0,1,5,0.015512247,8188,0,0,809,0,0
ww1.hdpter.net,1,1,0.946347597,0.945804912,0.916666667,0,0,0,0,0,5,0.053652403,19712,0,0,586,9377,0.798586272
init.xosapk.com,1,1,0.892647845,0.892237183,0.9,0,23,0,0,0,6,0.107352155,40960,1,0,614,0,0
www.caip.ru,0,1,0.877894094,0.90617012,0.8,38.5,694.5555556,0,1,0.666666667,1,0.044603762,23511,1,0,60,288987,0.821852009
www1.thegrannyporn.com,1,1,0.703668862,0.703668862,0.777777778,0,45,1,0,1,1,0.061767203,2692,0,0,0,0,0
ww1.teesoft.info,1,1,0.912803136,0.912796484,0.888888889,0,0,0,0,0,3,0.087196864,49152,0,0,42,0,0
ww38.ul.depcloud.com,0,1,0.999732742,0.99973017,0.904761905,0,0,1,0,0,6,0.000257744,298,0,0,228,0,0
www.rmrwoods.com,0,1,0.643232616,0.025889746,0.35,49.03351955,68.27906977,0,0,0.139534884,1,0.019122664,40569,1,0.26990945,91,6289,0.087694829
ww1.javhd16.com,1,1,0.89109364,0.890846017,0.866666667,0,75,0,0,1,7,0.108821497,71810,0,0,626,0,0
www1.yachtbertvenezia.com,1,1,0.984919755,0.984436785,0.9375,0,75,0,0,1,5,0.015080245,7970,0,0,679,0,0
ww38.privathaushalt.net,0,1,0.999702234,0.999697797,0.904761905,0,0,1,0,0,4,0.000287268,301,0,0,234,0,0
www.xosapk.com,1,1,0.932601316,0.932439677,0.9,0,75,0,0,1,6,0.067398684,40960,0,0,613,0,0
bd1.dopa.com,0,1,0.999889862,0.999573032,0.975609756,50.3006993,68.73626374,1,0.153846154,0.417582418,2,9.98E-05,339,1,0.23510467,227,475,0.008701623
ww7.xiaoxinpdf.com,1,1,0.909945275,0.896081582,0.95,54,46.5,0,1,0.5,5,0.090054725,4657,1,0,54,0,0
bd2.dopa.com,0,1,0.999900554,0.9995772,0.975903614,50.3006993,68.73626374,1,0.153846154,0.417582418,2,9.00E-05,333,1,0.23510467,227,475,0.008701623
lzhuilong.com,0,1,1,1,1,15.34545455,26.21428571,1,0.218181818,0.035714286,1,0.0327334,1826,1,0.093264249,59,175,0.012734231
parkingcdn.dopa.com,0,1,0.961504902,0.959845808,0.875,43.5,44.25,0,1,0.75,1,0.038495098,750,1,1,54,0,0.002715547
www.wztg888.com,0,1,0.965159937,0.632303436,0.957746479,25,48.33333333,1,1,1,2,0.000161804,279,0,0,30,171,0.081506196
2.shipingongxiang.cn,1,1,0.762846332,0.762846332,0.75,33,34.66666667,0,1,1,1,0.237153668,1943,0,0.05,33,76,0.035195777
dm2.kawamura-sh.com,0,1,0,0,0,56,10,0,1,0,1,0.124933167,701,0,0,56,18,0.027108434
6ma.ks22tk.net,0,1,0.543021992,0.578839469,0.428571429,18.68518519,36.75,0,0.555555556,0.75,2,0.051425704,615,1,0.764705882,41,64,0.026161393
ww1.666jj.com,0,1,0.960231102,0.959329179,0.84375,0,86,1,0,1,13,0.00203357,516,0,0,1555,0,0
62hk.net,0,1,0.050237427,0.079637494,0.307692308,1,0,0,0,0,2,0.043843082,1625,0,0,1,42,0.023890785
www.yzaet.com,0,1,0.416350374,0.416350374,0.462184874,38.95588235,41.67741935,0,0.352941176,0.064516129,2,0.025038705,6841,1,0.025242718,59,502,0.007172402
www.9dmgame.com,0,1,0.931279621,0.877118644,0.666666667,0,0,1,0,0,1,0.068720379,145,0,0,0,3,0.003861004
9dmgame.com,0,1,0.990423986,0.877118644,0.666666667,0,0,1,0,0,1,0.009576014,145,0,0,0,3,0.003861004
boys-camp.com,1,1,0.985854725,0.985851789,0.916666667,0,45.5,1,0,1,2,0.014145275,2931,0,0,0,37,0.028244275
www.bd133.com,0,1,0.901990916,0.325911835,0.813953488,27.08666667,51.24705882,0,0.553333333,0.882352941,1,0.003287162,2507,1,0.256214149,54,778,0.026706838
www.jinsha400.com,1,1,0.985288895,0.862215775,0.864197531,0,0,0,0,0,3,0.001351958,868,0,0,54,0,0
zichenxin.cn,1,1,0.849167429,0.849167429,0.846153846,0,0,1,0,0,1,0.026459286,1446,0,0,0,11,0.010669253
www.61678.com,0,1,0.048406118,0.198234987,0.019607843,29.15384615,16.63333333,1,1,0.033333333,1,0.000572042,292,1,0.259493671,60,117,0.013167764
www.baiyiip.com,0,1,0.867001042,0.295358104,0.944444444,0,39,0,0,1,2,0.058948926,43498,0,0.03866976,26,8701,0.232817162
px12114.com,0,1,0.755845741,0.858377016,0.670886076,14.69932178,159.6710526,0,0.001507159,0.085526316,5,0.00328195,2646,1,0.100254955,74,10940,0.03723313
mastersz.com,0,1,0.921658783,0.700301911,0.901960784,21.42063492,14.68674699,1,0.992063492,0.024096386,1,0.000720571,147,1,0.577639752,108,136,0.007879411
www.zgfrj.cn,0,1,0.772834575,0.877476749,0.576923077,0,0,0,0,0,4,0.032335068,4890,0,0.00671785,0,1035,0.063078879
ww12.xiaoxinpdf.com,1,1,0.916880799,0.905211534,0.95,54,46.5,0,1,0.5,5,0.083119201,4658,1,0,54,0,0
statbrain.com,1,1,0.983875138,0.983871323,0.916666667,0,45.5,1,0,1,2,0.016124862,2931,0,0,0,37,0.028244275
www.conghuakx.com,0,1,0.134669896,0.947768641,0.142857143,18.61607143,22.97297297,0,0.1875,0.108108108,1,0.007202025,2617,1,0.122362869,75,1040,0.028751668
www.66qiming.com,0,1,0.004693397,0.145315648,0.027777778,27.96825397,39.15555556,0,0.007936508,0.022222222,1,0.002441145,2701,1,0.17740337,43,830,0.019534956
ww1.xiaoxinpdf.com,1,1,0.924318263,0.916962359,0.95,0,0,0,0,0,5,0.075681737,4657,0,0.012993039,54,2127,0.269745901
bbs.9dmgame.com,0,1,0.990246855,0.877118644,0.666666667,0,0,1,0,0,1,0.009753145,145,0,0,0,3,0.003861004
hz.ftn.kltvv.top,1,1,0.951851215,0.921200182,0.9,12,35.66666667,1,0,0.666666667,1,0.048148785,3640,1,0,12,69,0.022009569
sz.ctfs.ftn.kltvv.top,1,1,0.968791262,0.958933165,0.9,12,35.66666667,1,0,0.666666667,1,0.031208738,3640,1,0,12,69,0.022009569
xfxa.ctfs.ftn.kltvv.top,1,1,0.956717678,0.933446693,0.9,12,35.66666667,1,0,0.666666667,1,0.043282322,3640,1,0,12,69,0.022009569
vnk.com,1,1,0.983176195,0.983172005,0.916666667,0,31,1,0,1,2,0.016823805,2905,0,0,0,89,0.162705667
www.yuesilian.com,0,1,0.287270282,0.31814093,0.238095238,44.85365854,65.42857143,0,0.012195122,0.142857143,1,0.062976244,2810,1,0.073913043,128,1065,0.05718548
gf.ff0797.cn,0,1,0.624298437,0.847087379,0.411764706,24.68421053,30.30769231,0,1,0.461538462,1,0.034145522,1016,1,0.0875,50,73,0.012995452
www.xinyangzuche.com,0,1,0.999595349,0.996614632,0.983606557,0,0,1,0,0,4,0.000404651,144,0,0,50,0,0